Sr. No.,"Name of the
Company/LLP",Security,Rate of interest,Terms of repayment,"As at
30th September, 2025","As at
30th September, 2024","As at
31st March, 2025","As at
31st March, 2024","As at
31st March, 2023"
1,"Clean Max Enviro Energy
Solutions Limited","Second charge over all the existing primary & collateral securities including mortgages created in favour Of the Bank, subject to the subsisting charges created over various primary and collateral securities , including securities charged by third parties as follows:
Security: Second charge by way of hypothecation on the entire present and future current assets (including stock and book debts), excluding those current assets which are exclusively charged to project lenders, of the company.
Collateral Security: NA
ChargeontheassetsfinancedundertheScheme:Allformalitiesrequiredfordocumentationandsecurityperfectionshouldbedoneupfrontexceptreceiptofparipassulettersfromotherlendersforwhichtimeupto60daysfromdisbursementor30-Apr-2021whicheveris
earlier is permitted.","1 Year MCLR + Spread of
0.65 bps","Repayable in 48 Equal monthly
installment From April 2022 to march
2026",25.00,75.00,50.00,100.00,150.00
2,"Clean Max Enviro Energy
Solutions Limited","(i) Gurantee for 100% of Loan value from National Credit Gurantee Trustee Company Limited
(ii) 2nd Pari-passu charge on current assets, Movable Fixed Assets (which are charged IDFC First Bank) & 2nd charge on security deposits (Second charges with exiting credit facilities in a term of cash flow(including Repayment & Security)
(iii) Pledge on 30% shares of promoter (Mr. Kuldeep Jain) on Second Pari Passu basis.","Lender's MCLR + Spread of
1 %","Repayable in 48 Equal monthly
installment from July 2022 to June 2026",16.67,38.89,27.78,50.01,72.23
3,"Clean Max Enviro Energy
Solutions Limited","ThesecurityfortheRupeeTermLoan,includingallassociatedcostsandcharges,willbeprovidedbymovablefixedassets,securedthroughanexclusivecharge.Thesecuritycreationmustbecompletedupfront,withthefilingofFormCHG1requiredwithin30daysfrom
the date of security creation. Additionally, security requirements, including obtaining pari passu letters, must be met within 30 days from the date of disbursement.","1-MCLR-IY+ Spread per
annum i.e. 0.25%, subject to
minimum of I-MCLR-IY,
plus applicable statutory levy,
if any","Repayment of the facility in 2
instalments starting from May 2026 to
may 2028",454.36,-,-,-,-
4,"Clean Max Enviro Energy
Solutions Limited","Security package with the Facilities secured through first priority security interests granted over Project assets, including but not limited to, the following:
a. Mortgage of the entire Immovable properties of the Borrower in relation to the Project (whether freehold or leasehold), both present and future;
b.ChargebywayofhypothecationontheentiremovablepropertiesoftheBorrowerinrelationtotheProject(excludingassetsoftheCEIEntity),bothpresentandfuture,includingmovableplantandmachinery,machineryspares,toolsandaccessories,furniture,fixtures,
vehicles and all other movable properties; duly acknowledged and consented to by the relevant counter-parties (if required under the PPA)
c. Charge by way of hypothecation on the entire cash flows, receivables, book debts and revenues of the Borrower in relation to the Project of whatsoever nature and wherever arising, both present and future;
d. Charge by way of hypothecation on the entire intangible assets of the Borrower in relation to the Project, including but not limited to, goodwill and uncalled capital, both present and future;
e.Assignment,bywayofhypothecationofalltherights,title,interest,benefits,claimsanddemandswhatsoeveroftheBorrowerin(a)theProjectAgreements(includingPPA,RoWAgreements),dulyacknowledgedandconsentedtobytherelevantcounter-partiesifsuch
consent is required under the relevant Project Agreements; (b) subject to applicable law and to the extent permitted, all Clearances; (c) warranties / guarantees and insurance policies;
f. Charge on the Project Accounts, Debt Service Reserve Account, and any other reserves and other bank accounts of the Borrower in relation to the Project, save and except the Distribution Account, wherever maintained;
g. Undertaking from CEI Entity which have ownership of evacuation infrastructure, which, is required by the Borrower to operate the project;
Borrower to ensure no encumbrance over the assets of CEI.
Lender / Security Trustee being named as co-insured / loss payee under the insurance policies.
Security:
a. Security over all Collateral under b) to j) shall be duly created and perfected before the date of first drawdown of Tranche-1. Security under a) to be created through mortgage within 6 months from the COD.
If such Security is not created and perfected within the stipulated timelines, this shall constitute an Event of Default.","3 month T-Bills + 240 bps
with interest rate quarterly
reset","The facility is payable in quarterly
structured 27 instalments from
September 2026 to March 2033 with
bullet repayment on june 2033",420.00,-,-,-,-
5,"Clean Max Enviro Energy
Solutions Limited","- Non disposal undertaking for land together with all structures and appurtenances thereon, present and future, of the Borrower pertaining to the Project (not applicable for roof-top projects);
- Exclusive charge on all the movable assets including movable plant and machinery, spares, tools, accessories, furniture, fixtures, vehicles and other movable assets, present and future, of the Borrower pertaining to the Project funded out of this term loan;
- Exclusive charge cum assignment / hypothecation or creation of security interest pertaining to Project on all the rights, titles, interests, benefits, claims and demands whatsoever of the Borrower under the Power purchase agreement pertaining to the Project.
- Exclusive charge on book debts, operating cash flows, receivables, commissions, the revenue of whatsoever nature and wherever arising, present and future, of the Borrower pertaining to the Project.
- Exclusive charge on all the bank accounts of the Borrower pertaining to the Project including but not limited to Trust and Retention Account (TRA) and Debt Service Reserve Account (DSRA).
Timelines for security creation:
All security as mentioned above shall be created upfront and perfected within 30 days of first disbursement or creation of security, whichever is earlier.
The Borrower shall mandatorily file the form CHG-1 or other applicable forms as required by the lenders with the ROC and other statutory authorities within the stipulated timelines.
- The Borrower shall not create any charge, lien or encumbrance over its Project assets or any part thereof in favor of any Financial Institution, Bank, firm or persons.","ROI is linked to
EBLR+0.90% spread","Repayment in 14 instalments from June
2027 to sep 2030",104.00,-,-,-,-
6,"Clean Max IPP 1 Private
Limited","(1) First hypothecation charge on entire plant and machinery procured under the term loan, including rooftop solar panels, inverters and other associated equipments.
(2) 1st charge on the entire cash flows , current assets, receivables, book debts, and revenues arising from the projects.
(3) Exclusive 1st Charge on all Project related accounts under TRA/ESCROW mechanism and any other bank account relating to the project, the entire cash flows, current assets, receivables, book debts, and revenues of the project of whatsoever nature and wherever
arising, both present and future.
(4) Assignment of exclusive 1st charge on all rights, titles, interests, benefits, claims and demand in project documents, clearances, insurance contracts and proceeds under the insurance contracts relating to the projects , both present and future.
(5) Hypothecation of all other fixed assets of the company, present and future on pari passu basis.
(6) Pledge of 30% of Clean Max Enviro Energy Solutions Private Limited (parent company) stake in the borrowing entity on pari passu basis and irrevocable non disposal undertaking for another 21% of the stake held by the parent company in the borrowing entity.
(7) Corporate Guarantee of Clean Max Enviro Energy Solutions Private Limited (Formerly known as Clean Max Enviro Energy Solutions Private Limited)","Linked to Lender's MCLR +
spread of 0.50% subject to
changes made by Lender
from time to
time.","Repayable in 59 instalments payable
quaterly from August, 2018 to Feb, 2032.",210.24,241.52,226.31,290.90,356.06
7,"Clean Max IPP 1 Private
Limited","(1) First hypothecation charge on entire plant and machinery procured under the term loan, including rooftop solar panels, inverters and other associated equipments.
(2) 1st charge on the entire cash flows , current assets, receivables, book debts, and revenues arising from the projects.
(3)Exclusive1stChargeonallProjectrelatedaccountsunderTRA/ESCROWmechanismandanyotherbankaccountrelatingtotheproject,theentirecashflows,currentassets,receivables,bookdebts,andrevenuesoftheprojectofwhatsoevernatureandwherever
arising, both present and future.
(4) Assignment of exclusive 1st charge on all rights, titles, interests, benefits, claims and demand in project documents, clearances, insurance contracts and proceeds under the insurance contracts relating to the projects , both present and future.
(5) Hypothecation of all other fixed assets of the company, present and future on pari passu basis.
(6) Pledge of 30% of Clean Max Enviro Energy Solutions Private Limited (parent company) stake in the borrowing entity on pari passu basis and irrevocable non disposal undertaking for another 21% of the stake held by the parent company in the borrowing entity.
(7) Corporate Guarantee of Clean Max Enviro Energy Solutions Limited (Formerly known as Clean Max Enviro Energy Solutions Private Limited)","Linked to Lender's MCLR +
spread of 0.50% subject to
changes made by Lender and
RBI from time to
time.","Repayable in 58 instalments payable
quaterly from September, 2019 to
November, 2032.",359.48,410.06,385.44,522.83,603.59
8,"Clean Max IPP 1 Private
Limited","(1) First hypothecation charge on entire plant and machinery procured under the term loan, including rooftop solar panels, inverters and other associated equipments.
(2) 1st charge on the entire cash flows , current assets, receivables, book debts, and revenues arising from the projects.
(3)Exclusive1stChargeonallProjectrelatedaccountsunderTRA/ESCROWmechanismandanyotherbankaccountrelatingtotheproject,theentirecashflows,currentassets,receivables,bookdebts,andrevenuesoftheprojectofwhatsoevernatureandwherever
arising, both present and future.
(4) Assignment of exclusive 1st charge on all rights, titles, interests, benefits, claims and demand in project documents, clearances, insurance contracts and proceeds under the insurance contracts relating to the projects , both present and future.
(5) Hypothecation of all other fixed assets of the company, present and future on pari passu basis.
(6) Pledge of 30% of Clean Max Enviro Energy Solutions Private Limited (parent company) stake in the borrowing entity on pari passu basis and irrevocable non disposal undertaking for another 21% of the stake held by the parent company in the borrowing entity.
(7) Corporate Guarantee of Clean Max Enviro Energy Solutions Limited (Formerly known as Clean Max Enviro Energy Solutions Private Limited)","Linked to Lender's 1Y
MCLR + spread of 0.45%
subject to changes made by
Lender and RBI from time to
time.","Repayable in 57 instalments payable
quaterly from November, 2020 to
November, 2034.",700.27,768.05,735.78,809.90,932.42
9,"Clean Max IPP 1 Private
Limited","(1) First hypothecation charge on entire plant and machinery procured under the term loan, including rooftop solar panels, inverters and other associated equipments.
(2) 1st charge on the entire cash flows , current assets, receivables, book debts, and revenues arising from the projects.
(3)Exclusive1stChargeonallProjectrelatedaccountsunderTRA/ESCROWmechanismandanyotherbankaccountrelatingtotheproject,theentirecashflows,currentassets,receivables,bookdebts,andrevenuesoftheprojectofwhatsoevernatureandwherever
arising, both present and future.
(4) Assignment of exclusive 1st charge on all rights, titles, interests, benefits, claims and demand in project documents, clearances, insurance contracts and proceeds under the insurance contracts relating to the projects , both present and future.
(5) Hypothecation of all other fixed assets of the company, present and future on pari passu basis.
(6) Pledge of 30% of Clean Max Enviro Energy Solutions Private Limited (parent company) stake in the borrowing entity on pari passu basis and irrevocable non disposal undertaking for another 21% of the stake held by the parent company in the borrowing entity.
(7) Corporate Guarantee of Clean Max Enviro Energy Solutions Limited (Formerly known as Clean Max Enviro Energy Solutions Private Limited)","Linked to Lender's 1Y
MCLR + spread of 0.45%
subject to changes made by
Lender and RBI from time to
time.","Repayable in 57 instalments payable
quaterly from November, 2020 to
November, 2034.",74.10,81.25,77.70,85.02,91.82
