,"Fair value
through
P&L","Fair value
through
OCI","Amortised
cost","Fair value
through
P&L","Fair value
through
OCI","Amortised
cost","Fair value
through
P&L","Fair value
through
OCI","Amortised
cost","Fair value
through
P&L","Fair value
through
OCI","Amortised
cost","Fair value
through
P&L","Fair value
through
OCI","Amortised
cost"
Financial Assets:,,,,,,,,,,,,,,,
Cash and cash equivalents,-,-,7 2.5,-,-,367.3,-,-,154.4,-,-,231.1,-,-,314.5
Other Bank Balances,-,-,130.2,-,-,120.9,-,-,125.7,-,-,107.0,-,-,-
Receivables,-,-,"1,720.8",-,-,"1,510.6",-,-,"2,374.9",-,-,"1,959.7",-,-,"1,124.3"
Investments:,,,,,,,,,,,,,,,
- Mutual Fund,"31,552.7",-,-,"22,019.9",-,-,"24,854.0",-,-,"19,255.5",-,-,"13,967.2",-,-
- Venture Capital Fund,-,-,-,-,-,-,-,-,-,-,-,-,1 1.6,,
- Alternative Investment Fund,"4,566.2",-,-,"4,540.3",-,-,"4,461.0",-,-,"4,323.6",-,-,"2,322.2",-,-
- Debt Securities,"1,000.9",-,-,"3,578.6",-,-,"2,793.6",-,-,"4,496.2",-,-,"5,906.3",-,-
- Equity instruments,211.3,-,-,215.2,-,-,213.6,-,-,215.2,-,-,215.2,-,-
"-Real Estate Investment Trust
(REIT)",611.5,-,-,565.1,-,-,529.7,-,-,535.7,-,-,452.4,-,-
Loans,,,,,,,,,,,,,,,
-Staff Loans,-,-,2.2,-,-,2.1,-,-,2.4,-,-,2.6,-,-,1.9
Other financial assets,,,,,,,,,,,,,,,
-Security Deposits,-,-,280.2,-,-,334.6,-,-,371.8,-,-,332.6,-,-,306.6
"-Accrued Interest and Dividend
receivable",-,-,5 4.8,-,-,90.6,-,-,96.5,-,-,169.3,-,-,194.8
"-Receivable against sale of
investment",-,-,3 1.8,-,-,136.5,-,-,52.5,-,-,-,-,-,31.6
Total Financial Assets,"37,942.6",-,"2,292.5","30,919.1",-,"2,562.6","32,851.9",-,"3,178.2","28,826.2",-,"2,802.3","22,874.9",-,"1,973.7"
Financial Liabilities:,,,,,,,,,,,,,,,
Trade and other payables,-,-,"2,002.1",-,-,"1,545.2",-,-,"1,753.5",-,-,"1,215.7",-,-,846.2
Other financial liabilities,-,-,"4,168.7",-,-,"3,887.5",-,-,"4,616.7",-,-,"3,758.9",-,-,"2,917.1"
Total Financial Liabilities,-,-,"6,170.8",-,-,"5,432.7",-,-,"6,370.2",-,-,"4,974.6",-,-,"3,763.3"
