,"During the year, BCCL considered the expenditure incurred on excess removal of OB for the
two mines, as the part of inventory valuation, which is in deviation from provisions of IND AS.
This resulted in Overstatement of stock valuation as well as profit for the year by ₹ 335.60
Millions."
,"Striping activity adjustment –
Stripping Activity asset is measured at cost, this being the accumulation of costs directly
incurred to perform the stripping activity that improves access to the identified component of
ore.
During the year, while computing Stripping Activity Adjustment of thee mines, BCCL
considered cost incurred which are not directly related to the Stripping Activity and
amortization cost of stripping asset of other mines.
Incorrect consideration of cost resulted in overstatement of Stripping Activity Adjustment as
well as profit for the year by ₹ 215.60 Millions."
,"Material Accounting Policies (Note 2)
Stripping Activity (Note 2.19)
Material Accounting Policy on Stripping Activity of BCCL, inter alia, mentions that when the
actual volume of overburden removed is greater than the expected volume of overburden
removal, the stripping cost for excess overburden removed over the expected overburden
removal is capitalized to the stripping activity asset. The stripping activity asset is amortized
over the life of the mine.
Pursuant to change in Accounting Policy concerning Stripping Activity by Coal India Limited
(CIL), systematically reversing the balance of Ratio Variance Reserve without further addition
(Policy 2.23), and creation of only Stripping Activity Assets (Policy 2.19), all Subsidiaries were
instructed through Uniform Process Notes to follow the same. By virtue of this change in
accounting policy, Stripping Activity Asset is being consistently featured under Property, Plant,
and Equipment (Note 3.1) w.e.f. 01.04.2022 onwards with retrospective effect of change,
instead of the existing policy of adjusting the figure of such asset with ratio variance as and"
