page,table_index,rows,cols,csv_file,csv_path
265,0,5,8,page_0265_table_00.csv,E:\404found\Projects\PBL Final\IPO_Automation_System\outputs\processed_ipos\ICICI Prudential Asset Management Company Limited - RHP\dumped_tables\page_0265_table_00.csv
266,0,6,8,page_0266_table_00.csv,E:\404found\Projects\PBL Final\IPO_Automation_System\outputs\processed_ipos\ICICI Prudential Asset Management Company Limited - RHP\dumped_tables\page_0266_table_00.csv
267,0,12,7,page_0267_table_00.csv,E:\404found\Projects\PBL Final\IPO_Automation_System\outputs\processed_ipos\ICICI Prudential Asset Management Company Limited - RHP\dumped_tables\page_0267_table_00.csv
268,0,3,6,page_0268_table_00.csv,E:\404found\Projects\PBL Final\IPO_Automation_System\outputs\processed_ipos\ICICI Prudential Asset Management Company Limited - RHP\dumped_tables\page_0268_table_00.csv
269,0,16,2,page_0269_table_00.csv,E:\404found\Projects\PBL Final\IPO_Automation_System\outputs\processed_ipos\ICICI Prudential Asset Management Company Limited - RHP\dumped_tables\page_0269_table_00.csv
270,0,24,8,page_0270_table_00.csv,E:\404found\Projects\PBL Final\IPO_Automation_System\outputs\processed_ipos\ICICI Prudential Asset Management Company Limited - RHP\dumped_tables\page_0270_table_00.csv
287,0,3,6,page_0287_table_00.csv,E:\404found\Projects\PBL Final\IPO_Automation_System\outputs\processed_ipos\ICICI Prudential Asset Management Company Limited - RHP\dumped_tables\page_0287_table_00.csv
287,1,3,6,page_0287_table_01.csv,E:\404found\Projects\PBL Final\IPO_Automation_System\outputs\processed_ipos\ICICI Prudential Asset Management Company Limited - RHP\dumped_tables\page_0287_table_01.csv
287,2,4,6,page_0287_table_02.csv,E:\404found\Projects\PBL Final\IPO_Automation_System\outputs\processed_ipos\ICICI Prudential Asset Management Company Limited - RHP\dumped_tables\page_0287_table_02.csv
288,0,10,3,page_0288_table_00.csv,E:\404found\Projects\PBL Final\IPO_Automation_System\outputs\processed_ipos\ICICI Prudential Asset Management Company Limited - RHP\dumped_tables\page_0288_table_00.csv
288,1,10,3,page_0288_table_01.csv,E:\404found\Projects\PBL Final\IPO_Automation_System\outputs\processed_ipos\ICICI Prudential Asset Management Company Limited - RHP\dumped_tables\page_0288_table_01.csv
288,2,10,3,page_0288_table_02.csv,E:\404found\Projects\PBL Final\IPO_Automation_System\outputs\processed_ipos\ICICI Prudential Asset Management Company Limited - RHP\dumped_tables\page_0288_table_02.csv
289,0,10,3,page_0289_table_00.csv,E:\404found\Projects\PBL Final\IPO_Automation_System\outputs\processed_ipos\ICICI Prudential Asset Management Company Limited - RHP\dumped_tables\page_0289_table_00.csv
289,1,10,3,page_0289_table_01.csv,E:\404found\Projects\PBL Final\IPO_Automation_System\outputs\processed_ipos\ICICI Prudential Asset Management Company Limited - RHP\dumped_tables\page_0289_table_01.csv
290,0,4,6,page_0290_table_00.csv,E:\404found\Projects\PBL Final\IPO_Automation_System\outputs\processed_ipos\ICICI Prudential Asset Management Company Limited - RHP\dumped_tables\page_0290_table_00.csv
290,1,24,6,page_0290_table_01.csv,E:\404found\Projects\PBL Final\IPO_Automation_System\outputs\processed_ipos\ICICI Prudential Asset Management Company Limited - RHP\dumped_tables\page_0290_table_01.csv
291,0,12,6,page_0291_table_00.csv,E:\404found\Projects\PBL Final\IPO_Automation_System\outputs\processed_ipos\ICICI Prudential Asset Management Company Limited - RHP\dumped_tables\page_0291_table_00.csv
291,1,5,6,page_0291_table_01.csv,E:\404found\Projects\PBL Final\IPO_Automation_System\outputs\processed_ipos\ICICI Prudential Asset Management Company Limited - RHP\dumped_tables\page_0291_table_01.csv
291,2,3,6,page_0291_table_02.csv,E:\404found\Projects\PBL Final\IPO_Automation_System\outputs\processed_ipos\ICICI Prudential Asset Management Company Limited - RHP\dumped_tables\page_0291_table_02.csv
291,3,6,6,page_0291_table_03.csv,E:\404found\Projects\PBL Final\IPO_Automation_System\outputs\processed_ipos\ICICI Prudential Asset Management Company Limited - RHP\dumped_tables\page_0291_table_03.csv
292,0,44,10,page_0292_table_00.csv,E:\404found\Projects\PBL Final\IPO_Automation_System\outputs\processed_ipos\ICICI Prudential Asset Management Company Limited - RHP\dumped_tables\page_0292_table_00.csv
293,0,4,6,page_0293_table_00.csv,E:\404found\Projects\PBL Final\IPO_Automation_System\outputs\processed_ipos\ICICI Prudential Asset Management Company Limited - RHP\dumped_tables\page_0293_table_00.csv
293,1,4,6,page_0293_table_01.csv,E:\404found\Projects\PBL Final\IPO_Automation_System\outputs\processed_ipos\ICICI Prudential Asset Management Company Limited - RHP\dumped_tables\page_0293_table_01.csv
293,2,4,6,page_0293_table_02.csv,E:\404found\Projects\PBL Final\IPO_Automation_System\outputs\processed_ipos\ICICI Prudential Asset Management Company Limited - RHP\dumped_tables\page_0293_table_02.csv
293,3,4,6,page_0293_table_03.csv,E:\404found\Projects\PBL Final\IPO_Automation_System\outputs\processed_ipos\ICICI Prudential Asset Management Company Limited - RHP\dumped_tables\page_0293_table_03.csv
293,4,4,6,page_0293_table_04.csv,E:\404found\Projects\PBL Final\IPO_Automation_System\outputs\processed_ipos\ICICI Prudential Asset Management Company Limited - RHP\dumped_tables\page_0293_table_04.csv
294,0,4,6,page_0294_table_00.csv,E:\404found\Projects\PBL Final\IPO_Automation_System\outputs\processed_ipos\ICICI Prudential Asset Management Company Limited - RHP\dumped_tables\page_0294_table_00.csv
294,1,4,6,page_0294_table_01.csv,E:\404found\Projects\PBL Final\IPO_Automation_System\outputs\processed_ipos\ICICI Prudential Asset Management Company Limited - RHP\dumped_tables\page_0294_table_01.csv
294,2,4,6,page_0294_table_02.csv,E:\404found\Projects\PBL Final\IPO_Automation_System\outputs\processed_ipos\ICICI Prudential Asset Management Company Limited - RHP\dumped_tables\page_0294_table_02.csv
294,3,4,6,page_0294_table_03.csv,E:\404found\Projects\PBL Final\IPO_Automation_System\outputs\processed_ipos\ICICI Prudential Asset Management Company Limited - RHP\dumped_tables\page_0294_table_03.csv
294,4,4,6,page_0294_table_04.csv,E:\404found\Projects\PBL Final\IPO_Automation_System\outputs\processed_ipos\ICICI Prudential Asset Management Company Limited - RHP\dumped_tables\page_0294_table_04.csv
295,0,43,2,page_0295_table_00.csv,E:\404found\Projects\PBL Final\IPO_Automation_System\outputs\processed_ipos\ICICI Prudential Asset Management Company Limited - RHP\dumped_tables\page_0295_table_00.csv
296,0,7,6,page_0296_table_00.csv,E:\404found\Projects\PBL Final\IPO_Automation_System\outputs\processed_ipos\ICICI Prudential Asset Management Company Limited - RHP\dumped_tables\page_0296_table_00.csv
296,1,4,6,page_0296_table_01.csv,E:\404found\Projects\PBL Final\IPO_Automation_System\outputs\processed_ipos\ICICI Prudential Asset Management Company Limited - RHP\dumped_tables\page_0296_table_01.csv
297,0,47,3,page_0297_table_00.csv,E:\404found\Projects\PBL Final\IPO_Automation_System\outputs\processed_ipos\ICICI Prudential Asset Management Company Limited - RHP\dumped_tables\page_0297_table_00.csv
298,0,8,6,page_0298_table_00.csv,E:\404found\Projects\PBL Final\IPO_Automation_System\outputs\processed_ipos\ICICI Prudential Asset Management Company Limited - RHP\dumped_tables\page_0298_table_00.csv
298,1,8,6,page_0298_table_01.csv,E:\404found\Projects\PBL Final\IPO_Automation_System\outputs\processed_ipos\ICICI Prudential Asset Management Company Limited - RHP\dumped_tables\page_0298_table_01.csv
299,0,5,6,page_0299_table_00.csv,E:\404found\Projects\PBL Final\IPO_Automation_System\outputs\processed_ipos\ICICI Prudential Asset Management Company Limited - RHP\dumped_tables\page_0299_table_00.csv
299,1,3,6,page_0299_table_01.csv,E:\404found\Projects\PBL Final\IPO_Automation_System\outputs\processed_ipos\ICICI Prudential Asset Management Company Limited - RHP\dumped_tables\page_0299_table_01.csv
299,2,4,6,page_0299_table_02.csv,E:\404found\Projects\PBL Final\IPO_Automation_System\outputs\processed_ipos\ICICI Prudential Asset Management Company Limited - RHP\dumped_tables\page_0299_table_02.csv
300,0,17,3,page_0300_table_00.csv,E:\404found\Projects\PBL Final\IPO_Automation_System\outputs\processed_ipos\ICICI Prudential Asset Management Company Limited - RHP\dumped_tables\page_0300_table_00.csv
300,1,17,3,page_0300_table_01.csv,E:\404found\Projects\PBL Final\IPO_Automation_System\outputs\processed_ipos\ICICI Prudential Asset Management Company Limited - RHP\dumped_tables\page_0300_table_01.csv
301,0,5,11,page_0301_table_00.csv,E:\404found\Projects\PBL Final\IPO_Automation_System\outputs\processed_ipos\ICICI Prudential Asset Management Company Limited - RHP\dumped_tables\page_0301_table_00.csv
301,1,4,11,page_0301_table_01.csv,E:\404found\Projects\PBL Final\IPO_Automation_System\outputs\processed_ipos\ICICI Prudential Asset Management Company Limited - RHP\dumped_tables\page_0301_table_01.csv
302,0,5,4,page_0302_table_00.csv,E:\404found\Projects\PBL Final\IPO_Automation_System\outputs\processed_ipos\ICICI Prudential Asset Management Company Limited - RHP\dumped_tables\page_0302_table_00.csv
302,1,5,4,page_0302_table_01.csv,E:\404found\Projects\PBL Final\IPO_Automation_System\outputs\processed_ipos\ICICI Prudential Asset Management Company Limited - RHP\dumped_tables\page_0302_table_01.csv
302,2,5,4,page_0302_table_02.csv,E:\404found\Projects\PBL Final\IPO_Automation_System\outputs\processed_ipos\ICICI Prudential Asset Management Company Limited - RHP\dumped_tables\page_0302_table_02.csv
302,3,5,4,page_0302_table_03.csv,E:\404found\Projects\PBL Final\IPO_Automation_System\outputs\processed_ipos\ICICI Prudential Asset Management Company Limited - RHP\dumped_tables\page_0302_table_03.csv
302,4,5,4,page_0302_table_04.csv,E:\404found\Projects\PBL Final\IPO_Automation_System\outputs\processed_ipos\ICICI Prudential Asset Management Company Limited - RHP\dumped_tables\page_0302_table_04.csv
303,0,8,6,page_0303_table_00.csv,E:\404found\Projects\PBL Final\IPO_Automation_System\outputs\processed_ipos\ICICI Prudential Asset Management Company Limited - RHP\dumped_tables\page_0303_table_00.csv
303,1,4,6,page_0303_table_01.csv,E:\404found\Projects\PBL Final\IPO_Automation_System\outputs\processed_ipos\ICICI Prudential Asset Management Company Limited - RHP\dumped_tables\page_0303_table_01.csv
303,2,4,6,page_0303_table_02.csv,E:\404found\Projects\PBL Final\IPO_Automation_System\outputs\processed_ipos\ICICI Prudential Asset Management Company Limited - RHP\dumped_tables\page_0303_table_02.csv
303,3,4,6,page_0303_table_03.csv,E:\404found\Projects\PBL Final\IPO_Automation_System\outputs\processed_ipos\ICICI Prudential Asset Management Company Limited - RHP\dumped_tables\page_0303_table_03.csv
303,4,4,6,page_0303_table_04.csv,E:\404found\Projects\PBL Final\IPO_Automation_System\outputs\processed_ipos\ICICI Prudential Asset Management Company Limited - RHP\dumped_tables\page_0303_table_04.csv
303,5,4,6,page_0303_table_05.csv,E:\404found\Projects\PBL Final\IPO_Automation_System\outputs\processed_ipos\ICICI Prudential Asset Management Company Limited - RHP\dumped_tables\page_0303_table_05.csv
303,6,6,6,page_0303_table_06.csv,E:\404found\Projects\PBL Final\IPO_Automation_System\outputs\processed_ipos\ICICI Prudential Asset Management Company Limited - RHP\dumped_tables\page_0303_table_06.csv
305,0,6,6,page_0305_table_00.csv,E:\404found\Projects\PBL Final\IPO_Automation_System\outputs\processed_ipos\ICICI Prudential Asset Management Company Limited - RHP\dumped_tables\page_0305_table_00.csv
305,1,6,6,page_0305_table_01.csv,E:\404found\Projects\PBL Final\IPO_Automation_System\outputs\processed_ipos\ICICI Prudential Asset Management Company Limited - RHP\dumped_tables\page_0305_table_01.csv
305,2,3,6,page_0305_table_02.csv,E:\404found\Projects\PBL Final\IPO_Automation_System\outputs\processed_ipos\ICICI Prudential Asset Management Company Limited - RHP\dumped_tables\page_0305_table_02.csv
305,3,10,6,page_0305_table_03.csv,E:\404found\Projects\PBL Final\IPO_Automation_System\outputs\processed_ipos\ICICI Prudential Asset Management Company Limited - RHP\dumped_tables\page_0305_table_03.csv
306,0,3,6,page_0306_table_00.csv,E:\404found\Projects\PBL Final\IPO_Automation_System\outputs\processed_ipos\ICICI Prudential Asset Management Company Limited - RHP\dumped_tables\page_0306_table_00.csv
306,1,3,6,page_0306_table_01.csv,E:\404found\Projects\PBL Final\IPO_Automation_System\outputs\processed_ipos\ICICI Prudential Asset Management Company Limited - RHP\dumped_tables\page_0306_table_01.csv
306,2,8,6,page_0306_table_02.csv,E:\404found\Projects\PBL Final\IPO_Automation_System\outputs\processed_ipos\ICICI Prudential Asset Management Company Limited - RHP\dumped_tables\page_0306_table_02.csv
306,3,5,6,page_0306_table_03.csv,E:\404found\Projects\PBL Final\IPO_Automation_System\outputs\processed_ipos\ICICI Prudential Asset Management Company Limited - RHP\dumped_tables\page_0306_table_03.csv
307,0,25,6,page_0307_table_00.csv,E:\404found\Projects\PBL Final\IPO_Automation_System\outputs\processed_ipos\ICICI Prudential Asset Management Company Limited - RHP\dumped_tables\page_0307_table_00.csv
307,1,6,6,page_0307_table_01.csv,E:\404found\Projects\PBL Final\IPO_Automation_System\outputs\processed_ipos\ICICI Prudential Asset Management Company Limited - RHP\dumped_tables\page_0307_table_01.csv
308,0,26,6,page_0308_table_00.csv,E:\404found\Projects\PBL Final\IPO_Automation_System\outputs\processed_ipos\ICICI Prudential Asset Management Company Limited - RHP\dumped_tables\page_0308_table_00.csv
309,0,9,6,page_0309_table_00.csv,E:\404found\Projects\PBL Final\IPO_Automation_System\outputs\processed_ipos\ICICI Prudential Asset Management Company Limited - RHP\dumped_tables\page_0309_table_00.csv
309,1,9,6,page_0309_table_01.csv,E:\404found\Projects\PBL Final\IPO_Automation_System\outputs\processed_ipos\ICICI Prudential Asset Management Company Limited - RHP\dumped_tables\page_0309_table_01.csv
310,0,6,13,page_0310_table_00.csv,E:\404found\Projects\PBL Final\IPO_Automation_System\outputs\processed_ipos\ICICI Prudential Asset Management Company Limited - RHP\dumped_tables\page_0310_table_00.csv
310,1,3,13,page_0310_table_01.csv,E:\404found\Projects\PBL Final\IPO_Automation_System\outputs\processed_ipos\ICICI Prudential Asset Management Company Limited - RHP\dumped_tables\page_0310_table_01.csv
311,0,8,6,page_0311_table_00.csv,E:\404found\Projects\PBL Final\IPO_Automation_System\outputs\processed_ipos\ICICI Prudential Asset Management Company Limited - RHP\dumped_tables\page_0311_table_00.csv
311,1,4,6,page_0311_table_01.csv,E:\404found\Projects\PBL Final\IPO_Automation_System\outputs\processed_ipos\ICICI Prudential Asset Management Company Limited - RHP\dumped_tables\page_0311_table_01.csv
312,0,15,4,page_0312_table_00.csv,E:\404found\Projects\PBL Final\IPO_Automation_System\outputs\processed_ipos\ICICI Prudential Asset Management Company Limited - RHP\dumped_tables\page_0312_table_00.csv
312,1,15,4,page_0312_table_01.csv,E:\404found\Projects\PBL Final\IPO_Automation_System\outputs\processed_ipos\ICICI Prudential Asset Management Company Limited - RHP\dumped_tables\page_0312_table_01.csv
312,2,15,4,page_0312_table_02.csv,E:\404found\Projects\PBL Final\IPO_Automation_System\outputs\processed_ipos\ICICI Prudential Asset Management Company Limited - RHP\dumped_tables\page_0312_table_02.csv
313,0,15,4,page_0313_table_00.csv,E:\404found\Projects\PBL Final\IPO_Automation_System\outputs\processed_ipos\ICICI Prudential Asset Management Company Limited - RHP\dumped_tables\page_0313_table_00.csv
313,1,15,4,page_0313_table_01.csv,E:\404found\Projects\PBL Final\IPO_Automation_System\outputs\processed_ipos\ICICI Prudential Asset Management Company Limited - RHP\dumped_tables\page_0313_table_01.csv
314,0,4,6,page_0314_table_00.csv,E:\404found\Projects\PBL Final\IPO_Automation_System\outputs\processed_ipos\ICICI Prudential Asset Management Company Limited - RHP\dumped_tables\page_0314_table_00.csv
314,1,12,6,page_0314_table_01.csv,E:\404found\Projects\PBL Final\IPO_Automation_System\outputs\processed_ipos\ICICI Prudential Asset Management Company Limited - RHP\dumped_tables\page_0314_table_01.csv
314,2,3,6,page_0314_table_02.csv,E:\404found\Projects\PBL Final\IPO_Automation_System\outputs\processed_ipos\ICICI Prudential Asset Management Company Limited - RHP\dumped_tables\page_0314_table_02.csv
314,3,3,6,page_0314_table_03.csv,E:\404found\Projects\PBL Final\IPO_Automation_System\outputs\processed_ipos\ICICI Prudential Asset Management Company Limited - RHP\dumped_tables\page_0314_table_03.csv
315,0,8,4,page_0315_table_00.csv,E:\404found\Projects\PBL Final\IPO_Automation_System\outputs\processed_ipos\ICICI Prudential Asset Management Company Limited - RHP\dumped_tables\page_0315_table_00.csv
315,1,8,4,page_0315_table_01.csv,E:\404found\Projects\PBL Final\IPO_Automation_System\outputs\processed_ipos\ICICI Prudential Asset Management Company Limited - RHP\dumped_tables\page_0315_table_01.csv
315,2,4,4,page_0315_table_02.csv,E:\404found\Projects\PBL Final\IPO_Automation_System\outputs\processed_ipos\ICICI Prudential Asset Management Company Limited - RHP\dumped_tables\page_0315_table_02.csv
316,0,2,6,page_0316_table_00.csv,E:\404found\Projects\PBL Final\IPO_Automation_System\outputs\processed_ipos\ICICI Prudential Asset Management Company Limited - RHP\dumped_tables\page_0316_table_00.csv
317,0,4,6,page_0317_table_00.csv,E:\404found\Projects\PBL Final\IPO_Automation_System\outputs\processed_ipos\ICICI Prudential Asset Management Company Limited - RHP\dumped_tables\page_0317_table_00.csv
317,1,5,6,page_0317_table_01.csv,E:\404found\Projects\PBL Final\IPO_Automation_System\outputs\processed_ipos\ICICI Prudential Asset Management Company Limited - RHP\dumped_tables\page_0317_table_01.csv
317,2,7,6,page_0317_table_02.csv,E:\404found\Projects\PBL Final\IPO_Automation_System\outputs\processed_ipos\ICICI Prudential Asset Management Company Limited - RHP\dumped_tables\page_0317_table_02.csv
317,3,4,6,page_0317_table_03.csv,E:\404found\Projects\PBL Final\IPO_Automation_System\outputs\processed_ipos\ICICI Prudential Asset Management Company Limited - RHP\dumped_tables\page_0317_table_03.csv
317,4,4,6,page_0317_table_04.csv,E:\404found\Projects\PBL Final\IPO_Automation_System\outputs\processed_ipos\ICICI Prudential Asset Management Company Limited - RHP\dumped_tables\page_0317_table_04.csv
317,5,2,6,page_0317_table_05.csv,E:\404found\Projects\PBL Final\IPO_Automation_System\outputs\processed_ipos\ICICI Prudential Asset Management Company Limited - RHP\dumped_tables\page_0317_table_05.csv
317,6,4,6,page_0317_table_06.csv,E:\404found\Projects\PBL Final\IPO_Automation_System\outputs\processed_ipos\ICICI Prudential Asset Management Company Limited - RHP\dumped_tables\page_0317_table_06.csv
318,0,24,16,page_0318_table_00.csv,E:\404found\Projects\PBL Final\IPO_Automation_System\outputs\processed_ipos\ICICI Prudential Asset Management Company Limited - RHP\dumped_tables\page_0318_table_00.csv
319,0,3,6,page_0319_table_00.csv,E:\404found\Projects\PBL Final\IPO_Automation_System\outputs\processed_ipos\ICICI Prudential Asset Management Company Limited - RHP\dumped_tables\page_0319_table_00.csv
319,1,3,6,page_0319_table_01.csv,E:\404found\Projects\PBL Final\IPO_Automation_System\outputs\processed_ipos\ICICI Prudential Asset Management Company Limited - RHP\dumped_tables\page_0319_table_01.csv
320,0,3,6,page_0320_table_00.csv,E:\404found\Projects\PBL Final\IPO_Automation_System\outputs\processed_ipos\ICICI Prudential Asset Management Company Limited - RHP\dumped_tables\page_0320_table_00.csv
320,1,3,6,page_0320_table_01.csv,E:\404found\Projects\PBL Final\IPO_Automation_System\outputs\processed_ipos\ICICI Prudential Asset Management Company Limited - RHP\dumped_tables\page_0320_table_01.csv
321,0,3,6,page_0321_table_00.csv,E:\404found\Projects\PBL Final\IPO_Automation_System\outputs\processed_ipos\ICICI Prudential Asset Management Company Limited - RHP\dumped_tables\page_0321_table_00.csv
322,0,11,5,page_0322_table_00.csv,E:\404found\Projects\PBL Final\IPO_Automation_System\outputs\processed_ipos\ICICI Prudential Asset Management Company Limited - RHP\dumped_tables\page_0322_table_00.csv
323,0,4,8,page_0323_table_00.csv,E:\404found\Projects\PBL Final\IPO_Automation_System\outputs\processed_ipos\ICICI Prudential Asset Management Company Limited - RHP\dumped_tables\page_0323_table_00.csv
324,0,5,11,page_0324_table_00.csv,E:\404found\Projects\PBL Final\IPO_Automation_System\outputs\processed_ipos\ICICI Prudential Asset Management Company Limited - RHP\dumped_tables\page_0324_table_00.csv
327,0,2,6,page_0327_table_00.csv,E:\404found\Projects\PBL Final\IPO_Automation_System\outputs\processed_ipos\ICICI Prudential Asset Management Company Limited - RHP\dumped_tables\page_0327_table_00.csv
327,1,4,6,page_0327_table_01.csv,E:\404found\Projects\PBL Final\IPO_Automation_System\outputs\processed_ipos\ICICI Prudential Asset Management Company Limited - RHP\dumped_tables\page_0327_table_01.csv
328,0,2,6,page_0328_table_00.csv,E:\404found\Projects\PBL Final\IPO_Automation_System\outputs\processed_ipos\ICICI Prudential Asset Management Company Limited - RHP\dumped_tables\page_0328_table_00.csv
329,0,3,6,page_0329_table_00.csv,E:\404found\Projects\PBL Final\IPO_Automation_System\outputs\processed_ipos\ICICI Prudential Asset Management Company Limited - RHP\dumped_tables\page_0329_table_00.csv
329,1,3,6,page_0329_table_01.csv,E:\404found\Projects\PBL Final\IPO_Automation_System\outputs\processed_ipos\ICICI Prudential Asset Management Company Limited - RHP\dumped_tables\page_0329_table_01.csv
329,2,3,6,page_0329_table_02.csv,E:\404found\Projects\PBL Final\IPO_Automation_System\outputs\processed_ipos\ICICI Prudential Asset Management Company Limited - RHP\dumped_tables\page_0329_table_02.csv
329,3,3,6,page_0329_table_03.csv,E:\404found\Projects\PBL Final\IPO_Automation_System\outputs\processed_ipos\ICICI Prudential Asset Management Company Limited - RHP\dumped_tables\page_0329_table_03.csv
329,4,3,6,page_0329_table_04.csv,E:\404found\Projects\PBL Final\IPO_Automation_System\outputs\processed_ipos\ICICI Prudential Asset Management Company Limited - RHP\dumped_tables\page_0329_table_04.csv
330,0,5,6,page_0330_table_00.csv,E:\404found\Projects\PBL Final\IPO_Automation_System\outputs\processed_ipos\ICICI Prudential Asset Management Company Limited - RHP\dumped_tables\page_0330_table_00.csv
331,0,4,6,page_0331_table_00.csv,E:\404found\Projects\PBL Final\IPO_Automation_System\outputs\processed_ipos\ICICI Prudential Asset Management Company Limited - RHP\dumped_tables\page_0331_table_00.csv
331,1,2,6,page_0331_table_01.csv,E:\404found\Projects\PBL Final\IPO_Automation_System\outputs\processed_ipos\ICICI Prudential Asset Management Company Limited - RHP\dumped_tables\page_0331_table_01.csv
332,0,3,8,page_0332_table_00.csv,E:\404found\Projects\PBL Final\IPO_Automation_System\outputs\processed_ipos\ICICI Prudential Asset Management Company Limited - RHP\dumped_tables\page_0332_table_00.csv
332,1,2,6,page_0332_table_01.csv,E:\404found\Projects\PBL Final\IPO_Automation_System\outputs\processed_ipos\ICICI Prudential Asset Management Company Limited - RHP\dumped_tables\page_0332_table_01.csv
332,2,2,6,page_0332_table_02.csv,E:\404found\Projects\PBL Final\IPO_Automation_System\outputs\processed_ipos\ICICI Prudential Asset Management Company Limited - RHP\dumped_tables\page_0332_table_02.csv
333,0,8,11,page_0333_table_00.csv,E:\404found\Projects\PBL Final\IPO_Automation_System\outputs\processed_ipos\ICICI Prudential Asset Management Company Limited - RHP\dumped_tables\page_0333_table_00.csv
333,1,5,6,page_0333_table_01.csv,E:\404found\Projects\PBL Final\IPO_Automation_System\outputs\processed_ipos\ICICI Prudential Asset Management Company Limited - RHP\dumped_tables\page_0333_table_01.csv
333,2,2,6,page_0333_table_02.csv,E:\404found\Projects\PBL Final\IPO_Automation_System\outputs\processed_ipos\ICICI Prudential Asset Management Company Limited - RHP\dumped_tables\page_0333_table_02.csv
333,3,2,6,page_0333_table_03.csv,E:\404found\Projects\PBL Final\IPO_Automation_System\outputs\processed_ipos\ICICI Prudential Asset Management Company Limited - RHP\dumped_tables\page_0333_table_03.csv
334,0,24,7,page_0334_table_00.csv,E:\404found\Projects\PBL Final\IPO_Automation_System\outputs\processed_ipos\ICICI Prudential Asset Management Company Limited - RHP\dumped_tables\page_0334_table_00.csv
335,0,16,7,page_0335_table_00.csv,E:\404found\Projects\PBL Final\IPO_Automation_System\outputs\processed_ipos\ICICI Prudential Asset Management Company Limited - RHP\dumped_tables\page_0335_table_00.csv
336,0,7,16,page_0336_table_00.csv,E:\404found\Projects\PBL Final\IPO_Automation_System\outputs\processed_ipos\ICICI Prudential Asset Management Company Limited - RHP\dumped_tables\page_0336_table_00.csv
337,0,6,5,page_0337_table_00.csv,E:\404found\Projects\PBL Final\IPO_Automation_System\outputs\processed_ipos\ICICI Prudential Asset Management Company Limited - RHP\dumped_tables\page_0337_table_00.csv
337,1,6,5,page_0337_table_01.csv,E:\404found\Projects\PBL Final\IPO_Automation_System\outputs\processed_ipos\ICICI Prudential Asset Management Company Limited - RHP\dumped_tables\page_0337_table_01.csv
337,2,6,5,page_0337_table_02.csv,E:\404found\Projects\PBL Final\IPO_Automation_System\outputs\processed_ipos\ICICI Prudential Asset Management Company Limited - RHP\dumped_tables\page_0337_table_02.csv
338,0,6,5,page_0338_table_00.csv,E:\404found\Projects\PBL Final\IPO_Automation_System\outputs\processed_ipos\ICICI Prudential Asset Management Company Limited - RHP\dumped_tables\page_0338_table_00.csv
338,1,7,5,page_0338_table_01.csv,E:\404found\Projects\PBL Final\IPO_Automation_System\outputs\processed_ipos\ICICI Prudential Asset Management Company Limited - RHP\dumped_tables\page_0338_table_01.csv
340,0,5,11,page_0340_table_00.csv,E:\404found\Projects\PBL Final\IPO_Automation_System\outputs\processed_ipos\ICICI Prudential Asset Management Company Limited - RHP\dumped_tables\page_0340_table_00.csv
341,0,57,8,page_0341_table_00.csv,E:\404found\Projects\PBL Final\IPO_Automation_System\outputs\processed_ipos\ICICI Prudential Asset Management Company Limited - RHP\dumped_tables\page_0341_table_00.csv
342,0,2,6,page_0342_table_00.csv,E:\404found\Projects\PBL Final\IPO_Automation_System\outputs\processed_ipos\ICICI Prudential Asset Management Company Limited - RHP\dumped_tables\page_0342_table_00.csv
342,1,3,6,page_0342_table_01.csv,E:\404found\Projects\PBL Final\IPO_Automation_System\outputs\processed_ipos\ICICI Prudential Asset Management Company Limited - RHP\dumped_tables\page_0342_table_01.csv
343,0,5,6,page_0343_table_00.csv,E:\404found\Projects\PBL Final\IPO_Automation_System\outputs\processed_ipos\ICICI Prudential Asset Management Company Limited - RHP\dumped_tables\page_0343_table_00.csv
343,1,3,6,page_0343_table_01.csv,E:\404found\Projects\PBL Final\IPO_Automation_System\outputs\processed_ipos\ICICI Prudential Asset Management Company Limited - RHP\dumped_tables\page_0343_table_01.csv
345,0,4,6,page_0345_table_00.csv,E:\404found\Projects\PBL Final\IPO_Automation_System\outputs\processed_ipos\ICICI Prudential Asset Management Company Limited - RHP\dumped_tables\page_0345_table_00.csv
345,1,4,6,page_0345_table_01.csv,E:\404found\Projects\PBL Final\IPO_Automation_System\outputs\processed_ipos\ICICI Prudential Asset Management Company Limited - RHP\dumped_tables\page_0345_table_01.csv
347,0,6,7,page_0347_table_00.csv,E:\404found\Projects\PBL Final\IPO_Automation_System\outputs\processed_ipos\ICICI Prudential Asset Management Company Limited - RHP\dumped_tables\page_0347_table_00.csv
347,1,4,7,page_0347_table_01.csv,E:\404found\Projects\PBL Final\IPO_Automation_System\outputs\processed_ipos\ICICI Prudential Asset Management Company Limited - RHP\dumped_tables\page_0347_table_01.csv
347,2,2,7,page_0347_table_02.csv,E:\404found\Projects\PBL Final\IPO_Automation_System\outputs\processed_ipos\ICICI Prudential Asset Management Company Limited - RHP\dumped_tables\page_0347_table_02.csv
348,0,10,6,page_0348_table_00.csv,E:\404found\Projects\PBL Final\IPO_Automation_System\outputs\processed_ipos\ICICI Prudential Asset Management Company Limited - RHP\dumped_tables\page_0348_table_00.csv
349,0,12,6,page_0349_table_00.csv,E:\404found\Projects\PBL Final\IPO_Automation_System\outputs\processed_ipos\ICICI Prudential Asset Management Company Limited - RHP\dumped_tables\page_0349_table_00.csv
349,1,9,6,page_0349_table_01.csv,E:\404found\Projects\PBL Final\IPO_Automation_System\outputs\processed_ipos\ICICI Prudential Asset Management Company Limited - RHP\dumped_tables\page_0349_table_01.csv
349,2,12,7,page_0349_table_02.csv,E:\404found\Projects\PBL Final\IPO_Automation_System\outputs\processed_ipos\ICICI Prudential Asset Management Company Limited - RHP\dumped_tables\page_0349_table_02.csv
350,0,10,6,page_0350_table_00.csv,E:\404found\Projects\PBL Final\IPO_Automation_System\outputs\processed_ipos\ICICI Prudential Asset Management Company Limited - RHP\dumped_tables\page_0350_table_00.csv
354,0,9,16,page_0354_table_00.csv,E:\404found\Projects\PBL Final\IPO_Automation_System\outputs\processed_ipos\ICICI Prudential Asset Management Company Limited - RHP\dumped_tables\page_0354_table_00.csv
355,0,14,6,page_0355_table_00.csv,E:\404found\Projects\PBL Final\IPO_Automation_System\outputs\processed_ipos\ICICI Prudential Asset Management Company Limited - RHP\dumped_tables\page_0355_table_00.csv
363,0,8,5,page_0363_table_00.csv,E:\404found\Projects\PBL Final\IPO_Automation_System\outputs\processed_ipos\ICICI Prudential Asset Management Company Limited - RHP\dumped_tables\page_0363_table_00.csv
367,0,9,9,page_0367_table_00.csv,E:\404found\Projects\PBL Final\IPO_Automation_System\outputs\processed_ipos\ICICI Prudential Asset Management Company Limited - RHP\dumped_tables\page_0367_table_00.csv
367,1,10,17,page_0367_table_01.csv,E:\404found\Projects\PBL Final\IPO_Automation_System\outputs\processed_ipos\ICICI Prudential Asset Management Company Limited - RHP\dumped_tables\page_0367_table_01.csv
367,2,21,10,page_0367_table_02.csv,E:\404found\Projects\PBL Final\IPO_Automation_System\outputs\processed_ipos\ICICI Prudential Asset Management Company Limited - RHP\dumped_tables\page_0367_table_02.csv
368,0,6,13,page_0368_table_00.csv,E:\404found\Projects\PBL Final\IPO_Automation_System\outputs\processed_ipos\ICICI Prudential Asset Management Company Limited - RHP\dumped_tables\page_0368_table_00.csv
368,1,25,20,page_0368_table_01.csv,E:\404found\Projects\PBL Final\IPO_Automation_System\outputs\processed_ipos\ICICI Prudential Asset Management Company Limited - RHP\dumped_tables\page_0368_table_01.csv
368,2,15,13,page_0368_table_02.csv,E:\404found\Projects\PBL Final\IPO_Automation_System\outputs\processed_ipos\ICICI Prudential Asset Management Company Limited - RHP\dumped_tables\page_0368_table_02.csv
370,0,14,13,page_0370_table_00.csv,E:\404found\Projects\PBL Final\IPO_Automation_System\outputs\processed_ipos\ICICI Prudential Asset Management Company Limited - RHP\dumped_tables\page_0370_table_00.csv
372,0,14,13,page_0372_table_00.csv,E:\404found\Projects\PBL Final\IPO_Automation_System\outputs\processed_ipos\ICICI Prudential Asset Management Company Limited - RHP\dumped_tables\page_0372_table_00.csv
373,0,13,17,page_0373_table_00.csv,E:\404found\Projects\PBL Final\IPO_Automation_System\outputs\processed_ipos\ICICI Prudential Asset Management Company Limited - RHP\dumped_tables\page_0373_table_00.csv
374,0,10,16,page_0374_table_00.csv,E:\404found\Projects\PBL Final\IPO_Automation_System\outputs\processed_ipos\ICICI Prudential Asset Management Company Limited - RHP\dumped_tables\page_0374_table_00.csv
376,0,8,7,page_0376_table_00.csv,E:\404found\Projects\PBL Final\IPO_Automation_System\outputs\processed_ipos\ICICI Prudential Asset Management Company Limited - RHP\dumped_tables\page_0376_table_00.csv
376,1,4,16,page_0376_table_01.csv,E:\404found\Projects\PBL Final\IPO_Automation_System\outputs\processed_ipos\ICICI Prudential Asset Management Company Limited - RHP\dumped_tables\page_0376_table_01.csv
377,0,5,15,page_0377_table_00.csv,E:\404found\Projects\PBL Final\IPO_Automation_System\outputs\processed_ipos\ICICI Prudential Asset Management Company Limited - RHP\dumped_tables\page_0377_table_00.csv
377,1,4,15,page_0377_table_01.csv,E:\404found\Projects\PBL Final\IPO_Automation_System\outputs\processed_ipos\ICICI Prudential Asset Management Company Limited - RHP\dumped_tables\page_0377_table_01.csv
378,0,8,14,page_0378_table_00.csv,E:\404found\Projects\PBL Final\IPO_Automation_System\outputs\processed_ipos\ICICI Prudential Asset Management Company Limited - RHP\dumped_tables\page_0378_table_00.csv
378,1,6,8,page_0378_table_01.csv,E:\404found\Projects\PBL Final\IPO_Automation_System\outputs\processed_ipos\ICICI Prudential Asset Management Company Limited - RHP\dumped_tables\page_0378_table_01.csv
380,0,12,3,page_0380_table_00.csv,E:\404found\Projects\PBL Final\IPO_Automation_System\outputs\processed_ipos\ICICI Prudential Asset Management Company Limited - RHP\dumped_tables\page_0380_table_00.csv
