Name of the entity in the group,"Net assets i.e. total assets minus
liabilities",,Share in profit or loss,,Share in other comprehensive income,,Share in total comprehensive income,
,"As % of consolidated
net assets",Amount,"As % of consolidated
profit or loss",Amount,"As % of other
consolidated
comprehensive income",Amount,"As % of total
comprehensive
income",Amount
"Parent
Meesho Limited (formerly known as Meesho Private
Limited/Fashnear Technologies Private Limited)
Indian Subsidiaries
Meesho Grocery Private Limited
Meesho Technologies Private Limited
Meesho Payments Private Limited
Foreign Subsidiaries
PT Fashnear Technology Indonesia, Indonesia
Fashnear Shenzhen Trading Co. Ltd, China
(liquidated w.e.f. May 09, 2024)
Consolidation adjustments/ eliminations","102.53%
(11.59%)
(828.79%)
(0.08%)
0.01%
0.01%
837.91%","22,285.02
(2,519.97)
(180,142.25)
(17.17)
2.41
1.54
182,125.92","98.30%
2.33%
6.01%
0.45%
0.01%
0.00%
(7.10%)","(24,701.72)
(584.99)
(1,511.18)
(112.62)
(1.40)
(0.93)
1,783.93","61.42%
(1.98%)
(67.67%)
(1.03%)
(1.23%)
(0.52%)
111.01%","(7.77)
0.25
8.56
0.13
0.16
0.07
(14.05)","98.28%
2.33%
5.98%
0.45%
0.00%
0.00%
(7.04%)","(24,709.49)
(584.74)
(1,502.62)
(112.49)
(1.24)
(0.86)
1,769.88"
Total,100.00%,"21,735.50",100.00%,"(25,128.91)",100.00%,(12.65),100.00%,"(25,141.56)"
