Particulars,Particulars,"As at / For the
nine months
ended
December 31,
2025",,As at / Fiscal,,,
,,,,2025,2024,2023,
,,"(in ₹ million, except as indicated otherwise)",,,,,
Equity share capital (A),,437.37,,0.28,0.11,0.11,
Other equity,,,,,,,
Equity component of compulsorily convertible preference shares (B),,-,,-,0.85,0.85,
Reserves and surplus (C),,"3,667.43",,"3,033.53","1,240.26","1,149.29",
Other comprehensive expense for the period/year (D),,(7.48),,(4.95),(3.07),(1.93),
Net Worth (E=A+B+C-D) (1),,"4,112.28",,"3,038.76","1,244.29","1,152.18",
Profit for the period/year (F),,714.98,,470.45,58.78,85.73,
RoNW(%) (F/E) (2),,17.39%,,15.48%,4.72%,7.44%,
