Particulars,"Unbilled
receivable*",Not due,"Outstanding for following periods from due date of
payment",,,,,Total
,,,"Less than 6
months","6 months -
1 year",1-2 years,2-3 years,"More than
3 years",
"(i) Undisputed Trade receivables
– considered good",3.71,130.29,18.99,0.80,-,-,-,153.79
"(ii) Undisputed Trade Receivables
– significant increase in credit risk",-,-,,,-,-,-,-
"(iii) Undisputed Trade
Receivables – credit impaired",-,-,-,-,-,-,-,-
"(iv) Disputed Trade Receivables –
considered good",-,-,-,-,-,-,-,-
"(v) Disputed Trade Receivables –
significant increase in credit risk",-,-,-,-,-,-,-,-
"(vi) Disputed Trade Receivables –
credit impaired",-,-,-,-,-,3.36,-,3.36
Total,3.71,130.29,18.99,0.80,-,3.36,-,157.15
Less : Provision for expected credit loss,,,,,,,,(4.69)
Total,,,,,,,,152.46
