Particulars,,Six months,,,Six months,,"As at March
31, 2025","As at March
31, 2024","As at March
31, 2023"
,,period ended,,,period ended,,,,
,,September,,,September,,,,
,,"30, 2025",,,"30, 2024",,,,
Trade receivables (in ₹ million),"22,025.20",,,"14,490.70",,,"18,477.60","13,332.50","12,511.50"
Trade receivable days (days),60,,,28,,,40,25,36
Bad debts written off (in ₹ million),-,,,-,,,-,-,-
"Disputed trade receivables – which
have a significant increase in credit
risk (in ₹ million)",-,,,-,,,-,-,-
"Past due but not impaired
(outstanding for more than 6 months
from the due date of payment) (in ₹
million)","3,903.20",,,"2,633.90",,,"3,737.80","3,220.50","1,480.50"
